participantId,jobId,financialStatus,availableBalance,extraBudget,wage,avgDailyWorkTime
0,254.0,Stable,103041.23658196953,51222.20796283866,9459.440064129714,7.83
1,929.0,Stable,85986.74298935162,21347.6113504304,8312.461423361952,7.92
2,348.0,Stable,76153.33101034275,37788.01805030582,7285.14916210738,7.86
3,316.0,Stable,72325.28678607225,17932.351502442532,7041.2344336696915,7.83
4,177.0,Stable,90176.56122737283,89145.4987133726,9129.007681483825,7.92
5,33.0,Stable,6500.393750211895,5881.962973665901,1840.0,7.92
6,89.0,Stable,4683.394059074186,4078.50284987286,1871.0598566208869,7.92
7,270.0,Stable,52013.36879401796,50982.45830799773,6181.0361669428785,7.92
8,20.0,Stable,19368.33657626678,18174.189917720985,3667.4153138213364,7.83
9,21.0,Stable,147959.87892016795,73648.9852580012,13186.800123344618,7.92
10,29.0,Stable,69640.92554986567,34532.24933887701,6798.49092703003,7.83
11,625.0,Stable,69197.55818553209,17141.525724252333,6580.863957462282,7.84
12,1205.0,Stable,63960.69506922108,15840.72241824498,6279.758241154288,7.83
13,330.0,Stable,44427.14395628153,43108.90853088104,5672.467212670634,7.83
14,139.0,Stable,67424.35048214793,66268.91406120581,7338.84539809852,7.83
15,730.0,Stable,65368.56941810368,16171.56593159194,6480.874439216067,7.92
16,297.0,Stable,111258.62102477388,55336.58025254426,10052.707922983642,7.92
17,603.0,Stable,212442.710177328,52960.94664540385,18400.0,7.83
18,278.0,Stable,211873.0556588914,52804.850904326246,18400.0,7.83
19,206.0,Stable,98494.79731710916,48954.02580198867,9386.680838562259,7.83
20,342.0,Stable,59717.28463071236,29563.298721002484,6109.317369634933,7.83
21,301.0,Stable,7877.363547283024,7166.524161510697,2199.9843468312715,7.88
22,102.0,Stable,19241.56397865384,18206.875030085004,3314.8413941250533,7.92
23,1037.0,Stable,45590.12292299045,22468.47561112501,5098.529669614222,7.83
24,57.0,Stable,88903.91661439731,44155.51669608982,8349.059511786105,7.92
25,159.0,Stable,58916.32624174687,29156.348863115007,5980.184926084489,7.83
26,194.0,Stable,51174.29688434361,25274.990530860294,5614.1050340323945,7.83
27,585.0,Stable,63703.28151396277,31550.23555808448,6407.998840354047,7.83
28,1244.0,Stable,157795.6897491132,39297.86785152951,14182.876118306163,7.83
29,80.0,Stable,43123.23742506515,21244.16143099408,4676.965820638135,7.83
30,619.0,Stable,3146.2015555909943,2297.187591239823,1855.613661086644,8.0
31,932.0,Stable,177161.41733919282,44125.10621633458,15443.941140006464,7.83
32,832.0,Stable,63286.11902616068,15668.90498203077,6237.416550695471,7.83
33,803.0,Stable,142404.08670113998,35438.84972913434,12576.348496585237,7.83
34,319.0,Stable,27692.23761120665,26638.876484387136,4226.316438084711,7.92
35,294.0,Stable,5237.214833609435,4591.605421720797,2010.9645150437104,7.92
36,212.0,Stable,174420.52059155144,86879.75880500503,15269.009279888785,7.9
37,367.0,Stable,60865.715201034975,15061.850266954962,6231.923978795885,7.92
38,1022.0,Stable,48111.83690447355,11874.373719458374,5176.788432305813,7.83
39,171.0,Stable,30372.651847721503,29599.635275082845,3809.8561860478926,7.92
40,534.0,Stable,7555.986131602199,6907.854479667107,2173.0962617600094,7.83
41,54.0,Stable,6385.250583919375,5700.29669299938,2013.4875010177866,7.83
42,723.0,Stable,59864.23500943752,29605.481059676145,6020.496065068318,7.83
43,1019.0,Stable,134459.33420199726,66920.5598951323,12227.890355752203,7.83
44,,Unknown,,,0.0,-1.0
45,286.0,Stable,173095.4520540411,43118.94965147635,14999.41398077261,7.83
46,1228.0,Stable,56391.00190846948,13912.732416641624,5964.795138694601,7.83
47,222.0,Stable,52134.01195045772,25725.76112123097,5511.386776512526,7.92
48,66.0,Stable,47829.04390481078,23573.78377687253,5347.459723460941,7.92
49,1024.0,Stable,171157.71469808195,42634.42254852168,14924.444734623277,7.83
50,112.0,Stable,46809.56023044406,23061.74655729165,5060.299244034438,7.92
51,24.0,Stable,154625.95322027474,76956.787384876,13821.045693181777,7.83
52,192.0,Stable,10219.297668567717,9300.76849781387,2748.2135089378753,7.92
53,1211.0,Stable,40515.92459909617,19947.03344965548,4456.99240493998,7.92
54,71.0,Stable,77631.53665503494,76050.4384854547,8584.670258920556,7.92
55,38.0,Stable,5900.087903487813,5211.2522168294345,2035.8324863197188,7.92
56,128.0,Stable,21605.90750297915,20519.25302909048,3577.2180694286553,7.83
57,76.0,Stable,130929.37290023288,65113.76810346393,11827.724123135828,7.83
58,549.0,Stable,168336.67567015163,41911.31420908517,14683.259766772262,7.92
59,581.0,Stable,132841.32654191405,33053.98003847382,11923.547094177333,7.92
60,305.0,Stable,44477.08889508057,21887.197327720118,5150.619184184808,7.83
61,214.0,Stable,46805.27933886344,23045.608692490157,5173.663476878663,7.92
62,202.0,Stable,83225.99297085011,41254.74440072496,7994.035367582198,7.83
63,115.0,Stable,44905.76615261202,22096.11913219885,5104.343982491835,7.83
64,273.0,Stable,41738.755912677385,20511.51686893743,4895.453378297103,7.92
65,359.0,Stable,42888.079398464295,21072.664699062538,4817.2574814662885,7.92
66,267.0,Stable,54906.143176390986,53709.03739577822,6494.582416344248,7.92
67,82.0,Stable,44088.5667441958,21684.465830142315,4800.194716694495,8.0
68,161.0,Stable,41091.71693846401,20187.73184101882,4672.0632760763465,7.83
69,347.0,Stable,30875.023510583964,29782.929407255207,4452.340715192669,7.83
70,132.0,Stable,13096.172952697978,12226.049489108442,2691.4244088914757,7.92
71,138.0,Stable,11551.017022276275,10686.0067836275,2681.1521806114206,7.83
72,385.0,Stable,123018.09590908376,30596.40497193525,11247.709226932086,7.92
73,50.0,Stable,74363.64320236581,36823.78084507192,7418.334042326137,7.83
74,258.0,Stable,3236.419146846756,2589.1122633283567,1859.1666666666679,7.92
75,125.0,Stable,13553.65050360227,12630.167688353376,2948.7743015534206,8.0
76,252.0,Stable,41580.17751783649,20435.88017219353,4647.644052947441,7.83
77,269.0,Stable,39245.39281145939,19264.70735627514,4418.200031811618,7.92
78,466.0,Stable,156592.6835336794,38975.405714366745,13790.129033727222,8.0
79,454.0,Stable,62816.30173156819,31110.914571740508,6022.003836734459,7.92
80,358.0,Stable,40964.53168768259,20126.105558790623,4572.541198389836,7.83
81,323.0,Stable,48173.03027896141,47043.99461567601,5821.221129540603,7.83
82,207.0,Stable,53739.9127712684,52672.173981348526,6365.062159043334,7.83
83,1033.0,Stable,61950.82279143688,15339.846870442245,5398.882386002771,7.83
84,69.0,Stable,37101.128957589724,18191.57419469672,4456.0898916496535,7.83
85,166.0,Stable,33835.0653566074,16558.542394205557,4413.09044073366,7.83
86,357.0,Stable,37697.88850166508,18489.03984771285,4328.452628249649,7.83
87,5.0,Stable,7573.940010337711,6937.2905706149,2031.762716350036,7.83
88,122.0,Stable,4557.163253754411,3946.128245827851,1859.166666666666,7.92
89,760.0,Stable,57104.7670286192,28255.92331353018,5779.725145305348,7.83
90,630.0,Stable,57008.582026872085,14103.612937495822,5680.064412278101,7.92
91,104.0,Stable,4798.283110532936,4183.234338748953,1859.166666666666,7.92
92,25.0,Stable,36200.53319979443,17735.057978357057,4255.095558336917,7.92
93,339.0,Stable,33051.05422085544,16163.828731021402,4084.935465974483,7.83
94,28.0,Stable,75058.27643076914,37167.49127718963,7343.809229797953,7.83
95,191.0,Stable,30352.822380452697,14810.866135827087,3890.1941597111722,7.83
96,30.0,Stable,32648.412407077754,15959.2608149092,4073.5988870113315,7.92
97,354.0,Stable,47966.05544890075,46947.85253185264,5807.545276912724,7.83
98,6.0,Stable,33397.397931117994,16335.517072545736,4019.6984123607886,7.83
99,298.0,Stable,67680.0044323794,33466.124664759096,6863.83371423766,7.92
100,402.0,Stable,33835.20913834244,8308.924357536569,3955.1828979706675,7.83
101,420.0,Stable,59758.45864803341,29576.935689967824,5636.3303197062705,7.83
102,1256.0,Stable,120662.98425771038,30014.558805962013,11088.030803470023,7.83
103,1321.0,Stable,118370.89991590612,58882.82004018858,10609.277914608852,7.83
104,97.0,Stable,9647.588026425625,9006.649123482975,2200.4727447371847,8.0
105,334.0,Stable,15689.25371850122,14848.022237308822,3035.1081795628347,7.83
106,336.0,Stable,46667.31672505336,45758.2871571714,5494.065685796404,7.92
107,226.0,Stable,33473.18251635675,16372.49988032139,3977.3472577696803,7.83
108,784.0,Stable,56032.86662866132,27714.08610258233,5607.370810344731,7.83
109,1141.0,Stable,49267.94295459881,12166.119966614291,5361.701425005967,7.83
110,1035.0,Stable,51399.65912732994,12698.44740124376,5484.930845643158,7.83
111,63.0,Stable,4604.264878793926,3984.239801789679,1840.0,7.92
112,265.0,Stable,120018.62692054069,59635.4354232932,11004.024872220625,7.92
113,344.0,Stable,52831.76397949771,51719.57868444626,6136.1925178248675,7.83
114,158.0,Stable,104958.57309263888,52106.66630183595,9665.49578187934,7.83
115,78.0,Stable,31064.100763521717,15156.786852331652,3801.2840667769383,7.83
116,960.0,Stable,152403.67877650273,37949.431296823,13412.409943372077,7.83
117,27.0,Stable,49385.00613632595,48377.036478697446,5936.155190401096,7.92
118,1174.0,Stable,113921.76395326616,28328.95259101385,10500.98242372389,7.83
119,248.0,Stable,98563.630797147,48908.574641462415,9398.76508748461,7.83
120,16.0,Stable,17947.097370193744,17084.273229340928,3216.751365459006,7.92
121,4.0,Stable,30491.1980521192,14869.877564287804,3929.395310019751,7.83
122,1052.0,Stable,52828.79975106579,13054.652327121745,5501.295248588291,7.92
123,650.0,Stable,52758.39776277335,13036.794786736484,5433.9242427878435,7.83
124,461.0,Stable,150227.33428781625,37404.24773537538,13195.43753494098,7.83
125,553.0,Stable,129792.67903755426,32276.24376921253,11386.643051964467,7.92
126,239.0,Stable,6551.610381185469,5910.923441775392,2024.7494718158691,7.92
127,,Unknown,,,0.0,-1.0
128,141.0,Stable,35676.99030267899,34770.05309059746,4569.11967904731,7.83
129,356.0,Stable,25554.097582160637,12400.563459750369,3662.923960254966,7.83
130,282.0,Stable,27624.94050609569,13435.51388373265,3811.9111631337496,7.92
131,328.0,Stable,16318.263812365354,15422.08933106898,3093.642974326797,7.92
132,285.0,Stable,92662.77450076836,45952.72857410357,8847.215591759761,7.92
133,224.0,Stable,29097.57951577376,14163.77830825839,3785.7155022801494,7.92
134,616.0,Stable,55184.22998005311,13640.605305201108,5406.54524883874,7.92
135,292.0,Stable,20786.029556135603,19988.074013960097,3409.371517996723,7.83
136,320.0,Stable,89729.30467429108,44484.46132727789,8617.805498720727,7.83
137,22.0,Stable,10775.412396661724,10104.941437073694,2161.334263613006,7.85
138,140.0,Stable,23154.670594718147,22146.27842194167,3726.175669955006,7.83
139,81.0,Stable,26876.18605678511,25603.718620320604,4221.088518682568,7.92
140,839.0,Stable,114222.29599065552,56802.14392148222,10347.121598279176,7.83
141,396.0,Stable,21712.10427768748,20876.93103691877,3364.5766916592834,7.83
142,,Unknown,,,0.0,-1.0
143,702.0,Stable,47131.21830535062,11628.013723173815,5342.536534053059,7.88
144,48.0,Stable,26120.441719803915,12683.896387150837,3508.9117862775606,7.83
145,146.0,Stable,7235.358411527432,6601.2932865168,2089.334379243097,7.83
146,247.0,Stable,25978.74733038654,12612.202381391544,3700.650716591053,7.92
147,225.0,Stable,24968.79660767304,12104.562563453752,3589.748573291604,7.92
148,824.0,Stable,112272.66889513934,27912.52215254628,10200.438234104746,7.92
149,72.0,Stable,3802.493974894799,3176.428849884165,1905.6437559720007,7.83
150,434.0,Stable,103187.11074850905,25641.25523200872,9478.061976294899,7.92
151,26.0,Stable,30978.136916139032,15180.41290689619,3647.835846088745,8.0
152,217.0,Stable,26514.832966408496,12876.063709045597,3553.8916265134594,7.92
153,119.0,Stable,12180.757445589192,11294.07693613603,2927.177538633309,7.83
154,,Unknown,,,0.0,-1.0
155,697.0,Stable,128870.48250557372,32063.720198023973,11848.189880320577,7.92
156,203.0,Stable,23795.16876249656,11514.908030629702,3466.351474768994,7.92
157,503.0,Stable,133846.0451984869,33306.83394401683,11691.65342445275,7.83
158,256.0,Stable,78167.40907250253,38697.711714667166,7717.058102906542,7.83
159,658.0,Stable,53412.56647609757,13198.155917216443,5329.225415734131,7.83
160,1303.0,Stable,99917.83555083405,49648.92458858436,9181.974171313628,7.83
161,,Unknown,,,0.0,-1.0
162,133.0,Stable,11246.844015868355,10460.51026308506,2602.1033584398674,7.92
163,576.0,Stable,49250.19118931991,12156.5764596895,5330.925341483175,8.0
164,18.0,Stable,30685.231460698637,29460.5040919236,4656.452210756653,7.84
165,322.0,Stable,54974.59587538961,53845.630674632135,6280.262405151395,7.83
166,7.0,Stable,23186.04226337057,11188.586890149068,3443.2275248523533,7.83
167,83.0,Stable,16041.34962105909,14925.664376194194,3419.121774255245,7.92
168,345.0,Stable,72659.60654198438,36154.19387739583,6644.415129812332,7.83
169,100.0,Stable,28554.573145775877,14091.64534395598,3391.5769562990795,7.92
170,611.0,Stable,101309.44401276272,50478.39733868813,9024.484206890476,7.92
171,1138.0,Stable,35818.336940063906,8866.315217466667,3676.762995586287,7.83
172,190.0,Stable,65579.99496270891,32594.684863416136,6317.7120945128,7.83
173,193.0,Stable,61349.5660652433,60838.04011980386,6057.346605933945,7.81
174,151.0,Stable,8014.627763899551,7591.296363862688,1863.04438174816,7.83
175,232.0,Stable,30276.96667412646,14954.3382254929,3329.2609614639223,7.92
176,353.0,Stable,25923.87613420844,25410.67275903751,3476.152945445825,7.84
177,156.0,Stable,28413.033886470927,14012.4492577382,3293.9309465271012,7.83
178,12.0,Stable,43704.35954601646,43314.92858530721,4024.1592815072436,7.92
179,300.0,Stable,8352.771843163038,7771.5899345370735,2230.5230682658084,7.83
180,251.0,Stable,33097.88082255966,16294.24022405129,3414.2936650799074,7.83
181,314.0,Stable,8599.681038662566,8135.032154259963,1856.7781201746518,7.92
182,108.0,Stable,11632.03825898823,11066.20482749919,2090.7147325946235,7.92
183,1217.0,Stable,132508.9920132663,66063.96122262116,11265.982994589202,7.83
184,201.0,Stable,11806.830731506832,11226.962131074475,2308.5868477583654,7.92
185,1296.0,Stable,58612.82108109898,29114.73178634716,5291.948144647572,7.92
186,9.0,Stable,47402.88710893994,47032.09008484339,4513.212800364689,7.83
187,493.0,Stable,33929.73580732733,16782.53217710657,3168.3947354645293,7.83
188,169.0,Stable,76163.27530026426,75883.06923011663,6739.469432307196,7.83
189,836.0,Stable,124835.7804138944,62279.47072982599,10486.794062272895,7.83
190,79.0,Stable,69944.25700212769,34788.27666880523,6726.533653088206,7.83
191,253.0,Stable,29698.462742997348,14663.972384736184,3270.482896907229,7.83
192,470.0,Stable,58787.56176509511,29255.49398441653,5216.135558404597,7.83
193,205.0,Stable,67508.64426573775,67167.00675135068,5757.112470742765,7.92
194,1007.0,Stable,106686.4576410599,53204.360767321785,9019.34222049581,7.83
195,1261.0,Stable,126345.40658071869,31502.1330662242,10588.996115965301,7.92
196,351.0,Stable,20865.813472347447,10229.212396246308,2661.364537761108,7.83
197,152.0,Stable,13105.43176834669,12467.00767074238,2556.374913771526,7.84
198,1017.0,Stable,101651.28350443124,50659.577744487535,8726.743215048757,7.83
199,220.0,Stable,27871.98676099255,13745.422557378846,3300.208540944046,7.92
200,1147.0,Stable,123942.5201494848,30902.59803350716,10404.233684610508,7.83
201,925.0,Stable,56223.74285760344,27927.883909051045,5093.320856676975,7.83
202,91.0,Stable,16303.621436748672,15660.855107907211,2770.62667009625,7.83
203,266.0,Stable,11727.470638495271,11236.021856972648,2354.706640457352,7.83
204,833.0,Stable,33005.67425960126,16319.325491319743,3100.626941138123,7.83
205,1299.0,Stable,52878.29555219917,13114.188246015994,5089.075187017377,7.92
206,47.0,Stable,24687.73100229809,12154.064462985129,3178.6928445213193,7.83
207,277.0,Stable,52336.160594885965,52043.356887861606,4662.158671502359,7.92
208,52.0,Stable,27341.52158549196,13477.57065064355,3124.2130410733057,7.92
209,741.0,Stable,56803.70483447072,28259.45056372318,5019.866847663612,7.92
210,262.0,Stable,6271.110675018956,5764.911879210548,1859.166666666666,7.92
211,1082.0,Stable,101878.46924565942,50796.69233770209,8331.260104079698,7.83
212,241.0,Stable,4406.48685096641,3961.214597519431,1820.7484055646478,7.92
213,84.0,Stable,38524.19871996299,38196.53277970308,3572.7757582003346,8.0
214,489.0,Stable,54513.85664828877,27098.26881516185,4889.902477959094,7.83
215,853.0,Stable,99632.13520670036,49654.69476256162,8480.899601850531,7.92
216,964.0,Stable,54953.86256062505,13666.656668420128,4921.423259608335,7.92
217,60.0,Stable,8308.447339806618,7745.052851093805,2008.5467758053449,8.0
218,352.0,Stable,3605.039876334232,3073.7351719327357,1840.0,7.83
219,153.0,Stable,22324.10777880153,22060.461530902176,2368.118747965605,7.83
220,99.0,Stable,47591.24752835272,46911.06233858388,5350.117880168651,7.92
221,325.0,Stable,23529.954380433795,23089.9094370293,2720.5218183433913,7.83
222,250.0,Stable,25438.879202491826,12524.972292419074,3110.432500138444,7.83
223,13.0,Stable,22358.776660386244,21778.908059953887,3086.114235630816,7.92
224,373.0,Stable,33958.596103514414,16849.241822828084,3057.8041700829253,7.83
225,709.0,Stable,55516.29285238847,27626.14848266961,4894.037157499879,7.92
226,255.0,Stable,49984.54911625236,49499.332812596775,5124.452843430539,7.83
227,293.0,Stable,26276.04753644092,12938.357392167767,3138.9069189218567,7.92
228,1254.0,Stable,96009.54022879445,47783.72205004701,8377.031251626277,7.92
229,98.0,Stable,60575.07709351173,60172.39559497892,5439.6932753368355,7.92
230,1179.0,Stable,94301.59250590476,46910.76950563937,8275.060978885964,7.83
231,260.0,Stable,5356.410446162284,4880.684929248317,1858.3333333333344,7.92
232,73.0,Stable,9490.341675875625,9026.80601641378,1840.0,7.83
233,998.0,Stable,120283.91286144142,59944.963888260725,10180.892412944075,7.83
234,155.0,Stable,63254.87504957136,31427.09024187644,6048.103754093836,7.83
235,288.0,Stable,45349.72189218742,44879.28154057697,4204.3042378218615,7.92
236,1155.0,Stable,31224.570517733944,15381.065083061749,3145.601881282393,7.92
237,626.0,Stable,118607.07620331417,59072.42608948565,10087.153201766034,7.83
238,1184.0,Stable,29504.540313060865,14555.726190157397,2985.369707199436,7.83
239,185.0,Stable,2207.4356027025,1727.1023106138095,1760.8333333333333,7.84
240,243.0,Stable,62142.81085633604,30854.69572553041,6107.153840133973,7.92
241,1139.0,Stable,52622.22916912184,26114.315217354568,4836.209011110378,7.83
242,361.0,Stable,111467.28679002458,55556.67214148742,10020.84980679937,7.83
243,145.0,Stable,9016.454071926571,8603.753746941107,1840.0,7.83
244,90.0,Stable,17479.35594459111,16957.638216160827,2709.8925565168543,7.83
245,62.0,Stable,65184.2021959785,64803.12011760245,5688.942524742597,8.0
246,312.0,Stable,5708.692679386617,5199.847604154229,1840.0,7.83
247,88.0,Stable,4300.499025457161,3773.823327809944,1859.1666666666677,7.92
248,556.0,Stable,95136.26743074036,47382.60408168288,8190.648710063756,7.83
249,142.0,Stable,33906.553843879185,33498.91997407492,3621.0974339269524,7.83
250,129.0,Stable,24866.547883251074,12228.36716666242,3076.909629396482,7.83
251,340.0,Stable,26032.131976733133,12808.438399195586,3029.5434740490696,7.83
252,363.0,Stable,42478.340875163616,20920.176084704985,4760.166435438461,7.92
253,612.0,Stable,105020.95169481778,52192.5784968089,9855.692752754418,7.83
254,940.0,Stable,83740.15497799816,41539.34344638236,8065.085605524488,7.92
255,660.0,Stable,3459.024947384323,2725.0200480743065,1932.634151593967,7.92
256,,Unknown,,,0.0,-1.0
257,595.0,Stable,37942.247286931386,18613.67430513052,4650.662433618151,7.83
258,491.0,Stable,8725.823609938368,7787.096954896925,2583.6892449577367,7.92
259,1034.0,Stable,47430.67902878143,11693.19283560458,4794.570717231727,7.83
260,542.0,Stable,91896.71933821836,45587.55947236042,8783.020026099464,7.83
261,693.0,Stable,37063.85144233276,18167.31857865906,4360.848524312574,7.92
262,,Unknown,,,0.0,-1.0
263,914.0,Stable,43982.77302717783,10831.1116028502,4786.449337265231,7.83
264,787.0,Stable,43302.67718856752,21322.308715700423,4577.7964508272335,7.92
265,1282.0,Stable,88493.72686890283,43914.15710022698,8027.76023500733,7.92
266,654.0,Stable,40576.2486039885,39596.80324517883,5282.1950922721,7.92
267,,Unknown,,,0.0,-1.0
268,748.0,Stable,44837.51359279543,22086.08852852131,4823.488727673449,7.92
269,560.0,Stable,38012.2406250107,18640.633050036708,4545.478659602527,7.92
270,881.0,Stable,42459.337690288296,10440.159397006444,4556.4603341491775,7.92
271,543.0,Stable,36712.082175104864,17989.092027691688,4422.104989549013,7.92
272,409.0,Stable,12713.602692012546,11595.27569184451,3234.3490827824044,7.84
273,587.0,Stable,6878.964419361371,6057.048884223683,2271.431608158653,7.91
274,644.0,Stable,15271.370966786712,14399.498404874485,2926.5564266175807,7.83
275,1233.0,Stable,44836.71651408516,11042.80804781212,4740.7349953631565,7.83
276,1163.0,Stable,79587.89558174244,39441.39821818408,7794.535671762039,7.91
277,575.0,Stable,9803.098785020022,8912.170782732337,2666.715658451481,7.84
278,443.0,Stable,79280.23766437419,19643.196673788083,7506.870161176627,7.83
279,,Unknown,,,0.0,-1.0
280,885.0,Stable,79882.48931050698,19801.134362233715,7513.5595757656365,7.92
281,398.0,Stable,34589.07428948406,16914.580739952,4257.349231366251,7.83
282,1049.0,Stable,43241.85852625551,21284.39878347264,4609.747552465554,7.83
283,483.0,Stable,50971.81425598707,49680.10915652328,6304.288229784271,7.83
284,394.0,Stable,5439.337461451346,4754.788777235954,2010.567303617987,7.85
285,,Unknown,,,0.0,-1.0
286,563.0,Stable,32566.253758293064,15913.998910717017,4139.314567822182,7.83
287,485.0,Stable,26664.066404134173,12960.43470291052,3748.48465715528,7.83
288,,Unknown,,,0.0,-1.0
289,480.0,Stable,54703.276948311504,53665.73792608447,6369.487450857739,7.83
290,1307.0,Stable,104622.94920317094,25986.97750447161,9822.781904075893,7.83
291,508.0,Stable,15601.771167039113,7426.462996286783,2646.941132027864,7.92
292,497.0,Stable,15208.102309933653,14309.535496359653,2940.507407743259,7.83
293,1094.0,Stable,39332.56056707823,9664.380345448437,4573.7045957358805,7.83
294,642.0,Stable,4816.904102800105,4028.473553650208,2102.7674750216083,7.83
295,471.0,Stable,84579.15485854153,41915.50278400659,8349.332070990979,7.93
296,436.0,Stable,80994.58751806445,40121.42828270375,8002.731006288479,7.92
297,1014.0,Stable,44137.85506525372,21727.63319953389,4528.656916249823,7.83
298,,Unknown,,,0.0,-1.0
299,673.0,Stable,29551.725757303,14374.521869114456,3865.0670870186013,7.92
300,1230.0,Stable,39451.58863494376,9682.16383552588,4477.068003863792,7.92
301,,Unknown,,,0.0,-1.0
302,740.0,Stable,40759.258893164246,10007.312021917149,4509.756523973381,7.92
303,435.0,Stable,76409.8373000204,37826.40309437252,7694.5032933123,7.92
304,1265.0,Stable,40905.29626280767,10051.309764069778,4312.987820673431,7.92
305,674.0,Stable,21976.32882155187,20873.657317669946,3871.0853150593593,7.92
306,945.0,Stable,39565.87279946906,9716.58179386565,4436.454781360744,7.92
307,607.0,Stable,9333.45872897262,8477.256547265799,2645.418605498367,7.83
308,805.0,Stable,36840.25309626692,9026.971967729683,4423.180477005601,7.91
309,864.0,Stable,36682.992159288166,17991.026428010853,4230.446003073596,7.83
310,937.0,Stable,35045.06593454316,17127.19882839391,4327.868570218138,7.92
311,423.0,Stable,8661.929298699011,7866.82899387945,2292.0383086308975,7.92
312,969.0,Stable,39860.20762418747,9790.170761896346,4277.049639363913,7.83
313,908.0,Stable,23602.47785988014,5716.579007228364,2913.9192497368203,7.92
314,539.0,Stable,26110.329389063256,12647.385593556177,3799.8437740471013,7.92
315,888.0,Stable,91174.36928729908,22609.518631119703,8625.217529954318,7.83
316,703.0,Stable,36304.44637894326,17801.85596350561,4169.116174642105,7.83
317,682.0,Stable,16310.164475944868,7755.947904850555,2761.250483752041,7.92
318,685.0,Stable,27895.77642655848,13559.409982447152,3745.217785669264,7.83
319,1066.0,Stable,17421.49575719188,4180.4581258420685,2686.1213045047366,7.83
320,494.0,Stable,64796.71586592682,32016.22246810695,6716.389935443305,7.83
321,428.0,Stable,34393.884030496665,33211.53676523658,5107.246125398723,7.83
322,570.0,Stable,25363.8660396678,12287.717745258951,3681.2326855288657,7.92
323,624.0,Stable,48731.857541086094,47140.20169891888,6501.647301419452,7.83
324,935.0,Stable,35528.860725767874,17397.002499675295,4138.383594009164,7.83
325,617.0,Stable,28179.57125102428,13686.41718281896,3671.489288100289,7.92
326,496.0,Stable,59684.71499594631,29443.407934575695,6454.001902740671,7.83
327,719.0,Stable,39493.8495375063,9707.579770493032,4177.7288004649035,7.92
328,405.0,Stable,17249.830190945657,8269.941244596053,2595.948697616528,7.83
329,1077.0,Stable,81455.82619166597,20197.231870959225,7466.4306772112905,7.92
330,614.0,Stable,20884.64083173726,20041.248123228128,3178.1434197756794,8.0
331,622.0,Stable,71825.1414576024,35554.46442031367,7060.559454620829,8.0
332,1041.0,Stable,76761.68446411264,19024.55412439503,7375.2868383805935,7.83
333,1097.0,Stable,77452.20874853696,19197.164178787145,7245.705788545311,7.83
334,1309.0,Stable,73742.38350651454,36538.25432772742,7090.628779491183,7.92
335,1015.0,Stable,89815.09885234384,22287.48010372425,8488.202295417108,7.85
336,374.0,Stable,62819.66678833651,31054.00439356134,6470.749709527664,7.83
337,781.0,Stable,90479.6057729,44899.84368701446,8442.436569840174,7.83
338,526.0,Stable,7819.139443878815,7087.023332015542,2321.8701263323746,8.0
339,721.0,Stable,75201.802298323,18630.74465176065,7067.609176321208,7.83
340,1128.0,Stable,88294.94121335103,21904.65200578493,8308.687420794766,7.92
341,1212.0,Stable,33760.01621104848,16540.382892478643,4031.0492578351063,7.83
342,659.0,Stable,26820.301011085587,13044.69324764114,3615.1520582460525,7.83
343,1277.0,Stable,69329.68635427303,34324.8527293915,6749.055966260267,7.92
344,737.0,Stable,34843.30757860356,17081.48719419613,3988.929101829754,7.92
345,375.0,Stable,60019.60854347785,29653.97527113201,6292.3224810943475,7.83
346,,Unknown,,,0.0,-1.0
347,1281.0,Stable,68501.01339723913,16954.060360041898,6502.8545934522435,8.0
348,521.0,Stable,25159.47745483678,12222.50177116505,3542.1860186309364,7.83
349,628.0,Stable,24484.61548238492,11870.963570976772,3164.5426805978445,7.83
350,694.0,Stable,61173.21063327709,30227.028437274865,6304.122031029172,7.83
351,1056.0,Stable,63591.2990055597,15727.829527517417,6414.464682819706,7.83
352,,Unknown,,,0.0,-1.0
353,379.0,Stable,13704.239885490648,6493.085971945341,2554.9507024169766,7.83
354,776.0,Stable,18417.09827344873,8868.558688979347,2464.855914249984,7.92
355,643.0,Stable,46677.86870414685,45585.07892374258,5774.562880205031,7.83
356,,Unknown,,,0.0,-1.0
357,520.0,Stable,59073.06668122416,29174.655397212555,6187.790187802961,7.92
358,679.0,Stable,6191.942978598331,5362.149814785202,2512.719464443127,7.83
359,645.0,Stable,7492.76546228465,6750.719945512368,2380.134743142816,7.83
360,455.0,Stable,24279.89447482126,11774.907766379712,3357.3144111374563,8.0
361,1268.0,Stable,15905.287265000958,7587.495370961085,2665.9672497134925,7.92
362,670.0,Stable,14312.09531717114,13302.910921539647,3099.6085296427605,7.92
363,566.0,Stable,57825.34701803084,28549.84602989146,5790.418828497312,7.83
364,931.0,Stable,36725.3124311166,9010.587573386729,4011.638745358644,7.92
365,429.0,Stable,12766.38181001162,6019.434063998295,2445.4585389733656,7.92
366,788.0,Stable,35078.72132865174,17199.4945873849,3965.6355241274846,7.83
367,996.0,Stable,32903.03857550006,16111.353476899903,3952.347632241082,7.86
368,1185.0,Stable,88507.93796806406,43909.71647970585,8270.205047202184,7.83
369,724.0,Stable,34064.73982346979,8343.392950213376,3939.6376535767135,7.92
370,565.0,Stable,41536.11870458021,40442.23731741012,5378.377728986136,7.92
371,368.0,Stable,21897.839903276898,10586.613697053934,3376.882860631879,7.92
372,283.0,Stable,21636.21043856231,20794.94871235082,3470.4812825468457,7.92
373,609.0,Stable,32768.27970931239,31728.345515430097,4474.081478942358,7.83
374,594.0,Stable,10082.563166150248,9296.073878164196,2561.925398513774,7.83
375,820.0,Stable,31415.79367000414,7667.331827240327,3851.210169952392,7.86
376,972.0,Stable,29943.00314827281,7279.038071033768,3841.2397198037715,7.92
377,944.0,Stable,89485.42856167968,22196.30423847392,8124.814501186274,7.92
378,478.0,Stable,12140.06110726828,11140.08916377241,3012.147735681561,7.83
379,1286.0,Stable,35707.6230363228,17505.030102829605,3836.681608186333,7.83
380,,Unknown,,,0.0,-1.0
381,538.0,Stable,20107.40421785513,9692.87462980361,3227.0500132654906,7.83
382,,Unknown,,,0.0,-1.0
383,,Unknown,,,0.0,-1.0
384,,Unknown,,,0.0,-1.0
385,578.0,Stable,20233.919575944004,9754.566331249363,3185.820251429656,7.83
386,381.0,Stable,52616.72930428896,25935.23016855961,5715.140026343747,7.92
387,413.0,Stable,21143.611131117115,10199.022567249778,3172.5489477453616,7.92
388,668.0,Stable,29007.568283965917,28002.237112125124,4474.270447379201,7.92
389,469.0,Stable,46140.25217020407,22695.14590395728,5109.8203983681315,7.92
390,453.0,Stable,17760.316771216054,16699.404939735366,3332.7373513490015,8.0
391,1308.0,Stable,19727.805548902263,4756.249344799616,2658.4304117761917,7.83
392,,Unknown,,,0.0,-1.0
393,606.0,Stable,13308.220513157356,12338.086662909522,2913.759346778439,7.92
394,657.0,Stable,21225.08862400352,10211.179710386012,3161.2405457287655,7.92
395,573.0,Stable,23676.071765353063,22683.42154045253,3905.6007323635026,7.83
396,514.0,Stable,54046.36236106861,26648.03843055068,5605.079458482647,7.92
397,541.0,Stable,21352.49946220463,10302.07780425119,3182.0839718946618,7.92
398,646.0,Stable,24078.91251863017,22963.729724191777,3991.463902271046,7.92
399,793.0,Stable,29251.450046225054,7123.511413580011,3796.674065462768,7.83
400,601.0,Stable,17066.412078730267,8151.747343552575,3139.3592015057625,7.83
401,726.0,Stable,31110.06456219312,7601.610826792814,3775.459990989621,7.83
402,689.0,Stable,5867.023683533021,5160.564738665433,2112.2147211372935,7.83
403,329.0,Stable,22407.9378250174,21573.984836765547,3497.7152545420963,7.92
404,1010.0,Stable,16912.45427837606,4052.208255838548,2544.9161936974665,7.83
405,669.0,Stable,19759.73705166847,9478.37044419895,3010.6015350884063,7.92
406,,Unknown,,,0.0,-1.0
407,,Unknown,,,0.0,-1.0
408,635.0,Stable,9636.862723705695,8836.101616738855,2645.905969396433,7.85
409,633.0,Stable,37795.725222142486,18496.072312783937,4650.417222683416,7.92
410,958.0,Stable,30860.50061271798,7538.624357552081,3795.2904667868306,7.92
411,620.0,Stable,19474.108246901,9353.716591679124,3136.241254524147,7.92
412,593.0,Stable,5585.704268936312,4870.366514841075,2146.4655536293812,7.83
413,1109.0,Stable,82209.33813745677,40752.76982001438,7919.798197311881,7.91
414,994.0,Stable,28815.139111536733,7027.009256930391,3587.7026625639965,7.88
415,738.0,Stable,32491.487098855367,7945.878203478367,3759.874058329129,7.92
416,640.0,Stable,54095.96210440458,26653.33833873765,5841.133267396947,7.92
417,519.0,Stable,11880.34090511038,11042.811035039023,2715.8165235713104,7.83
418,684.0,Stable,15980.44722042706,15172.778731448732,3085.5823961710353,7.92
419,656.0,Stable,7581.086804284448,3434.159844918233,2206.899695219189,7.83
420,1243.0,Stable,39083.51281317757,19339.559006576903,3709.942166257663,7.83
421,366.0,Stable,59220.02169799084,29429.469841740127,5741.27818836681,7.92
422,531.0,Stable,40706.04615628718,20173.784326714205,4301.724560138114,7.83
423,1301.0,Stable,38831.446616857975,9615.009531161788,3704.0644292166685,7.83
424,421.0,Stable,4455.987590192754,3917.767342665669,1840.0,7.83
425,451.0,Stable,25751.13513581539,12696.666027875928,3100.5447694407594,7.83
426,399.0,Stable,37355.59926183544,18491.2389022289,3901.5193422870466,7.83
427,481.0,Stable,42216.636257579965,41775.10132845448,4761.369060242689,7.83
428,934.0,Stable,38561.82100737527,19095.206257582224,3528.1465126484086,7.83
429,728.0,Stable,87950.7807446738,21898.91506962468,7775.892500209135,7.92
430,467.0,Stable,9876.09863007612,9366.435794143932,2431.4198892392533,7.92
431,691.0,Stable,24280.090672621456,11952.941699058209,3039.7867753791215,7.8
432,386.0,Stable,14010.179347848198,13577.484977562794,2307.1691868861685,7.92
433,109.0,Stable,74104.4832536195,18436.53689503272,6469.680068988671,7.92
434,664.0,Stable,54732.33587819475,27161.58119761805,5537.922815621765,7.92
435,397.0,Stable,2288.38597669036,1778.7231407581712,1680.0,7.92
436,567.0,Stable,5251.561486431659,4715.421936226532,1840.0,7.83
437,479.0,Stable,24455.103060635567,12018.144806523746,2867.4763354243446,7.92
438,401.0,Stable,34958.432599011234,17287.774252643838,3794.1768825056256,7.83
439,474.0,Stable,9938.716346484382,9240.407479444264,2607.9945475348745,7.83
440,848.0,Stable,34849.122150726296,17237.18155364158,3551.7689321797966,8.0
441,602.0,Stable,1275.5051410248057,691.8432085985013,1760.0,7.83
442,512.0,Stable,49979.25167506835,24786.56533001632,5128.7782497106455,7.83
443,408.0,Stable,3119.371179470721,2513.2665438362665,1840.0,7.83
444,705.0,Stable,89939.6021907031,44788.61208572914,7829.297543104741,7.92
445,590.0,Stable,46986.35817113719,23302.56791674589,4728.228270659021,7.83
446,1255.0,Stable,84729.17742189649,21091.28359608588,7660.514597190439,7.92
447,623.0,Stable,28541.45709815379,27883.76370596237,3634.827248894076,7.92
448,639.0,Stable,31416.089638863617,30874.89816681484,3711.167754439243,7.83
449,392.0,Stable,31062.84891161762,15321.42790479695,3572.7069896931457,7.92
450,518.0,Stable,22998.17234573294,11304.34870275599,2887.556776340732,7.83
451,1093.0,Stable,35568.40825066636,17517.221935988935,3617.103102238353,7.92
452,506.0,Stable,8357.000889329003,7922.720172318825,1980.9431151437768,7.83
453,692.0,Stable,7357.685666299554,6948.918659496275,1760.0,7.92
454,39.0,Stable,65036.81698725797,16157.780844392048,6158.720795276338,7.92
455,924.0,Stable,33245.14472652032,8220.829184098813,3606.145704953168,7.83
456,662.0,Stable,9009.05793065032,8537.979113269063,1995.3946309440776,7.83
457,1071.0,Stable,36340.9367168473,8994.681682673627,3438.0279074136024,7.83
458,747.0,Stable,32648.28448098943,8070.637074033677,3570.938128218126,7.92
459,462.0,Stable,46859.67374979884,23226.630019852237,4909.264197240377,7.83
460,655.0,Stable,16852.46890544507,16442.00540229824,2562.166772809975,7.92
461,1264.0,Stable,67663.84679761782,33627.51841025648,6092.630083491076,7.92
462,604.0,Stable,3642.000513974958,3106.072363410868,1840.0,7.92
463,588.0,Stable,30367.007392946347,14987.392354423557,3442.1587328872865,7.92
464,564.0,Stable,27406.83867325222,26878.461592122632,3303.2683621936767,7.99
465,1058.0,Stable,34766.31463808811,17123.885236992337,3414.2398629754384,7.83
466,883.0,Stable,34508.84697857412,8535.858436102919,3566.9797436453905,7.92
467,417.0,Stable,20530.626585640865,10068.982282564772,2881.1513083575114,7.83
468,438.0,Stable,22101.747536721537,10844.749769989632,2846.800194574538,7.92
469,671.0,Stable,48434.875027302376,24017.198351732983,4918.212079399005,7.92
470,382.0,Stable,26150.66814556704,25847.95852993313,2622.7633114837795,7.92
471,1062.0,Stable,88722.7341053952,44214.80902777401,7537.789897336633,7.83
472,457.0,Stable,12855.73168945771,12334.688214413423,2387.9872668317653,8.0
473,686.0,Stable,46263.92070033451,22930.486114573712,4813.590195627237,7.92
474,938.0,Stable,87642.44736304678,43673.0085479957,7515.8543173877315,7.92
475,790.0,Stable,77038.5865086799,19169.119215226157,7220.743870761919,7.92
476,950.0,Stable,31362.22393290841,7748.405946016008,3240.1666561329594,7.86
477,552.0,Stable,20823.7041413945,10198.270595298756,2810.467182571839,7.83
478,661.0,Stable,46455.78555153459,23026.987075045094,4800.163234810892,7.8
479,605.0,Stable,4424.0444397380725,3909.069378261633,1778.8212829200454,7.84
480,1060.0,Stable,33373.101772209986,8251.836104788994,3538.1901685963185,7.83
481,548.0,Stable,14345.63489058474,6966.788752861985,2400.6155366271414,7.83
482,840.0,Stable,32866.44622711212,16250.16828966842,3525.1276028857374,7.92
483,1314.0,Stable,77400.17898445729,19258.29716823033,7096.9049846004355,7.83
484,676.0,Stable,16483.643600286934,15955.247679634667,2717.8210863055924,8.0
485,284.0,Stable,19933.73020625311,4891.325214578541,2528.047040418179,7.83
486,878.0,Stable,20262.895499667124,9912.523813238588,2325.976381123227,7.92
487,690.0,Stable,44253.10507793979,21919.26513435971,4667.2882607644015,7.83
488,425.0,Stable,6827.6301319276445,6288.995330989232,1902.7177955755208,7.92
489,976.0,Stable,67435.69922207898,33530.194686212264,6081.990267885635,7.92
490,773.0,Stable,33735.88698112074,16657.942477162887,3560.7542614766717,7.92
491,544.0,Stable,45885.63358869472,45421.94946884322,4486.812920661846,7.83
492,522.0,Stable,43696.342607652405,21636.12087885792,4323.543538367714,7.83
493,680.0,Stable,40437.68126528359,19986.71307629621,4508.627453947205,7.83
494,1283.0,Stable,35543.765783552815,17541.0085776336,3531.724728273877,7.92
495,505.0,Stable,17866.749339810023,8722.948992730358,2681.3391720864734,7.83
496,743.0,Stable,34561.8498560199,17050.04534256684,3317.985509179513,7.92
497,93.0,Stable,10864.146881276927,10382.583438205633,2460.2687345363656,7.83
498,530.0,Stable,18868.578111443087,9221.694630110282,2762.81306961234,7.83
499,1112.0,Stable,76114.24503041762,37866.71368534509,7053.294841613485,7.92
500,1245.0,Stable,29674.7434663497,7324.557595295888,3461.129527626468,7.83
501,458.0,Stable,14795.308284736666,14277.50634775932,2642.572652132098,7.92
502,583.0,Stable,18903.527898580374,9236.2740228373,2787.6355893528194,7.92
503,618.0,Stable,4423.06287000964,3895.399031552788,1859.1666666666679,7.92
504,862.0,Stable,25570.62342061429,6195.847002303874,3451.8510271677583,7.83
505,837.0,Stable,20589.697843845748,9901.816986692198,3433.061510681105,7.83
506,754.0,Stable,69578.91080133688,34408.85248500039,7022.925221202024,7.83
507,447.0,Stable,7703.718437310047,3475.1703185092742,2103.438352494495,7.83
508,857.0,Stable,12384.889160032051,11477.818569304987,2946.807893907304,7.92
509,,Unknown,,,0.0,-1.0
510,,Unknown,,,0.0,-1.0
511,1198.0,Stable,25005.47813502289,6044.254560542147,3409.317923151043,7.83
512,,Unknown,,,0.0,-1.0
513,718.0,Stable,25294.434250711147,6124.060601725199,3433.902002910833,7.92
514,,Unknown,,,0.0,-1.0
515,706.0,Stable,23311.07976114787,11263.3264745405,3331.7397323169207,7.92
516,859.0,Stable,18651.107526449683,8934.128815554846,3046.614392798409,7.83
517,1005.0,Stable,21358.211711801378,10295.154888015824,3177.332446739831,7.83
518,876.0,Stable,20908.85827026219,10069.732750027935,3138.4984726443663,7.92
519,717.0,Stable,6391.954478685575,5612.924650675567,2475.7593992946104,7.92
520,1207.0,Stable,56529.04921856634,13932.992454025172,5895.444669039891,7.83
521,887.0,Stable,20413.100943265887,9816.144580539769,3042.1132774677953,7.83
522,608.0,Stable,11890.32244171338,2781.6758540543524,2301.439247960417,7.83
523,,Unknown,,,0.0,-1.0
524,861.0,Stable,57102.702509005976,28150.7727399203,5886.903128805933,7.83
525,1271.0,Stable,28530.873271018427,13866.63897051529,3228.5757990340467,7.83
526,,Unknown,,,0.0,-1.0
527,755.0,Stable,15264.769392744613,7242.839315473856,2693.2534713429045,7.83
528,1186.0,Stable,28266.176125504644,13731.383649778069,3343.9595512977594,7.83
529,812.0,Stable,64421.81117570626,31822.20159976793,6642.45364989324,7.83
530,813.0,Stable,16582.128393125535,7885.802925814773,2941.796761794505,7.92
531,1203.0,Stable,23446.23695396213,5640.270644706262,3338.4445200054947,7.87
532,1323.0,Stable,67288.96419135017,16609.284479775248,6838.645756541975,7.83
533,984.0,Stable,15463.586065047546,7322.907777504441,2930.0785887324037,7.83
534,195.0,Stable,53703.29670723751,26443.609574081627,5854.154029886792,7.92
535,786.0,Stable,51750.93783686177,25480.75397422727,5537.9334064899085,7.83
536,1270.0,Stable,24834.307728562915,5998.3277873535535,3330.881827164236,7.92
537,774.0,Stable,6432.838998094169,5594.43613168783,2429.2232221685495,7.92
538,759.0,Stable,50169.47937242615,24680.594735760245,5777.828070407736,7.83
539,,Unknown,,,0.0,-1.0
540,918.0,Stable,8406.758094190334,7601.956092013799,2401.4580751792214,7.83
541,,Unknown,,,0.0,-1.0
542,1190.0,Stable,54642.71245012039,13465.261407815487,5826.766434536556,7.92
543,764.0,Stable,14749.64666800032,6954.089367971886,2913.720833736451,7.83
544,948.0,Stable,51922.19351212254,25560.812947787723,5688.426709120877,7.83
545,819.0,Stable,14854.725959879386,7009.6958335105655,2931.4055301799235,7.92
546,189.0,Stable,52365.80236391845,25759.05107504608,5754.696251520534,7.83
547,1209.0,Stable,54394.06305595508,26786.217791076306,5744.815080544648,7.92
548,1272.0,Stable,52540.72074446196,25858.943786429874,5494.9444831198625,7.83
549,1262.0,Stable,23309.98976784737,5621.8316316799055,3318.1452261682934,7.92
550,977.0,Stable,14922.490060475016,7048.98462261966,2890.9679100640624,7.83
551,746.0,Stable,59962.63474027638,29590.114123705745,6571.556330537779,7.83
552,1279.0,Stable,69209.50906328908,34190.738906638595,6607.273090711902,7.92
553,,Unknown,,,0.0,-1.0
554,943.0,Stable,16092.592143861908,7642.136993953056,2847.7932962693712,7.92
555,785.0,Stable,13786.392856485383,6484.616389159352,2791.5197294458576,7.83
556,789.0,Stable,10601.40446985762,4877.954635097733,2648.875012536278,7.83
557,801.0,Stable,13594.407741740384,6367.6140943231685,2755.4145362044715,7.83
558,,Unknown,,,0.0,-1.0
559,484.0,Stable,21358.17720923367,20502.68042673453,3428.985415717715,7.83
560,1195.0,Stable,23276.899352768138,5621.619119529189,3286.478960412754,7.83
561,1100.0,Stable,21353.747711707318,5127.321849618676,3255.874764949092,7.92
562,1240.0,Stable,54045.13411942271,13303.91205183684,5690.797793675528,7.83
563,777.0,Stable,38735.77451838529,37726.79323297944,5206.28138911624,7.91
564,769.0,Stable,10889.658091420535,9977.443766566004,2601.615562227435,8.0
565,951.0,Stable,14405.959105413383,13387.865437936493,3214.0384735301764,7.83
566,855.0,Stable,14867.680113747285,7022.227752653736,2787.2750730331145,7.92
567,,Unknown,,,0.0,-1.0
568,,Unknown,,,0.0,-1.0
569,808.0,Stable,11668.016373111765,5409.186806699414,2698.35381943039,7.83
570,1003.0,Stable,45561.76559885307,22366.13737894872,5380.939726603438,7.83
571,886.0,Stable,12542.283694450136,5858.083451204795,2672.2731796350367,7.83
572,,Unknown,,,0.0,-1.0
573,814.0,Stable,8203.267333823198,7332.101370304191,2321.9909526875203,7.83
574,,Unknown,,,0.0,-1.0
575,,Unknown,,,0.0,-1.0
576,315.0,Stable,23936.9842615202,23057.66098742305,3556.1460547283846,7.92
577,,Unknown,,,0.0,-1.0
578,890.0,Stable,6558.929065823905,5721.829707805281,2298.980685700874,7.83
579,771.0,Stable,18043.98778070822,17015.00326027511,3392.1501070103204,7.92
580,,Unknown,,,0.0,-1.0
581,791.0,Stable,56031.02269824972,27621.627807287565,5909.249358931206,7.83
582,735.0,Stable,13060.143071543424,6114.649712268839,2669.264211184522,7.83
583,982.0,Stable,49098.8993880095,24155.0226807043,5445.059369568392,7.83
584,1028.0,Stable,53001.11660147252,13060.145109630455,5482.960468869517,7.83
585,1031.0,Stable,52697.51047279123,12983.905483501268,5375.152387245596,7.83
586,1191.0,Stable,27997.05988168564,13616.64089779701,3263.5346755850815,7.92
587,962.0,Stable,10054.231282356785,4621.36154060814,2497.2088191433786,7.83
588,933.0,Stable,9242.86850652432,4227.007239961711,2590.265420896622,7.83
589,,Unknown,,,0.0,-1.0
590,905.0,Stable,13932.302437677272,6567.809605990904,2565.797112936928,7.83
591,794.0,Stable,52227.076852512655,12866.318095145583,5307.478499950606,7.83
592,1294.0,Stable,62605.60975224385,15460.242985546389,6321.177363516371,7.92
593,796.0,Stable,7817.854216713694,7053.643310570112,2282.9214640120545,7.83
594,1030.0,Stable,60792.756480814605,15007.339610774385,6229.171979381777,7.92
595,,Unknown,,,0.0,-1.0
596,981.0,Stable,35100.97661273451,34012.318147175145,4740.426166655952,7.92
597,873.0,Stable,14312.743990811878,6760.171575041198,2580.489355941551,7.92
598,1241.0,Stable,22653.71225159817,5472.434028886931,3228.2155743476237,7.83
599,,Unknown,,,0.0,-1.0
600,823.0,Stable,23622.15525042324,22757.30943202051,3769.949081580987,7.83
601,955.0,Stable,11605.04527803252,5386.751993291641,2493.67152517077,7.92
602,,Unknown,,,0.0,-1.0
603,,Unknown,,,0.0,-1.0
604,,Unknown,,,0.0,-1.0
605,,Unknown,,,0.0,-1.0
606,798.0,Stable,13353.13534727402,6278.539036331736,2489.6445982248542,7.92
607,807.0,Stable,10349.046926120038,4774.290471411822,2412.3753775164378,7.84
608,844.0,Stable,9981.972240260517,4588.583700100843,2403.8975956903632,7.92
609,23.0,Stable,48107.23948806844,11835.725489833185,5283.943175169027,7.83
610,907.0,Stable,50416.26499568956,24807.358766420293,5415.111868298288,7.83
611,,Unknown,,,0.0,-1.0
612,733.0,Stable,46182.66510130165,22710.58973316015,5058.069642645255,7.91
613,696.0,Stable,10236.526595985106,4713.3252789089165,2396.184948861306,7.86
614,1050.0,Stable,21234.76929642945,10234.268190064684,3183.774724070224,7.83
615,,Unknown,,,0.0,-1.0
616,897.0,Stable,9797.13181251672,4503.626008427171,2393.3899144196853,7.83
617,,Unknown,,,0.0,-1.0
618,1079.0,Stable,21552.21876232837,5195.027643346592,3031.307206260644,7.92
619,1181.0,Stable,21023.8128786811,10106.685867651771,3019.8626850868936,7.92
620,965.0,Stable,12977.040976073877,12083.94851448259,2723.788737078463,7.92
621,,Unknown,,,0.0,-1.0
622,708.0,Stable,34039.465188562644,32816.493400888736,4846.290839433498,7.92
623,716.0,Stable,11147.88835683493,5186.4680451480335,2380.70104440499,7.83
624,714.0,Stable,34570.514709553216,33569.695047346395,4816.792521465611,7.83
625,966.0,Stable,9515.82669853352,4370.925040360385,2405.1591289928333,7.92
626,816.0,Stable,32354.67951389337,31361.99891662,4495.489905757732,7.83
627,1231.0,Stable,48211.91556771,11858.689695846351,4883.839625121509,7.92
628,,Unknown,,,0.0,-1.0
629,,Unknown,,,0.0,-1.0
630,946.0,Stable,42059.17365094826,20627.184405444717,5033.816434904162,7.83
631,1036.0,Stable,20672.74878109477,4974.550512596947,3129.9692515968327,7.92
632,131.0,Stable,44647.1267494864,10948.168789112988,5046.942579040053,7.83
633,1025.0,Stable,56045.58577240215,13817.37717809157,6044.314034794135,7.83
634,,Unknown,,,0.0,-1.0
635,1002.0,Stable,49017.02253982914,24078.577502458123,5374.596633544987,7.92
636,1274.0,Stable,21010.27075236584,10115.186759589207,3109.443320770671,7.83
637,863.0,Stable,42655.00531762472,20897.494651632696,5021.899570578434,7.83
638,1095.0,Stable,20740.53532685213,4989.935085398669,3017.7048840910275,7.83
639,,Unknown,,,0.0,-1.0
640,666.0,Stable,26141.487306390773,25273.879731164958,3588.591761725263,7.92
641,,Unknown,,,0.0,-1.0
642,1199.0,Stable,21739.034855895083,5239.453283956709,3015.70248302671,7.83
643,,Unknown,,,0.0,-1.0
644,313.0,Stable,19426.54788553049,4661.339156570723,2856.565467306358,7.83
645,1159.0,Stable,57740.93733506852,28478.73770995349,5949.920616006133,7.92
646,921.0,Stable,27526.515276638103,26497.977918774,3915.8321419718964,7.92
647,,Unknown,,,0.0,-1.0
648,815.0,Stable,41939.27342181606,20546.12634956952,4921.7048744623735,7.83
649,1070.0,Stable,19751.671302025105,4742.009549378548,3016.368470804967,7.92
650,952.0,Stable,37768.87878184604,36410.53922487632,5252.419725087904,7.92
651,1165.0,Stable,20433.86808342387,9824.411436219394,3015.2245323247735,7.92
652,768.0,Stable,17927.907880684543,16900.274358181206,3355.740158451097,7.92
653,,Unknown,,,0.0,-1.0
654,734.0,Stable,20369.241892280617,19317.91282486497,3620.8270143988784,7.83
655,,Unknown,,,0.0,-1.0
656,980.0,Stable,44823.02224002806,11009.832135401974,4914.887247327346,7.83
657,,Unknown,,,0.0,-1.0
658,,Unknown,,,0.0,-1.0
659,971.0,Stable,34733.189474292754,33711.895302795056,4740.930434331213,7.92
660,729.0,Stable,36708.13924804338,17942.16036000822,4551.454130788863,7.92
661,172.0,Stable,20901.13486167824,5029.371942380009,2955.089973541326,7.92
662,95.0,Stable,57585.21899651602,28399.10473672417,5829.080370010851,7.83
663,,Unknown,,,0.0,-1.0
664,173.0,Stable,19992.40495518521,4801.348858029384,2939.901912271061,7.83
665,1218.0,Stable,14704.06166090978,3479.330659205524,2798.945613261216,7.83
666,1317.0,Stable,43185.49066282435,21199.367520983385,4849.456299230882,7.83
667,208.0,Stable,17960.920230645188,4293.632384968586,2925.8695476850216,7.83
668,,Unknown,,,0.0,-1.0
669,64.0,Stable,19878.76622747979,4772.668613160493,2911.81566279435,7.83
670,,Unknown,,,0.0,-1.0
671,338.0,Stable,18339.208720850787,4387.341649123485,2883.2950579955923,7.92
672,865.0,Stable,44474.739096885256,22046.339317826023,4490.684393468507,7.92
673,1247.0,Stable,16876.245475152453,8249.713907712505,2189.64341847895,7.92
674,1001.0,Stable,12950.155111563086,6281.856404693826,2163.696627405646,7.83
675,967.0,Stable,10511.657613659463,5064.634960924852,2108.586616856324,7.83
676,1312.0,Stable,27367.693917924425,6747.617680591276,2883.2704801409386,7.83
677,1204.0,Stable,24087.51798131215,5927.467012735509,2856.13807550418,7.83
678,828.0,Stable,11941.352223738668,11523.588202970384,2371.2049769465643,7.92
679,957.0,Stable,12057.77281076326,11631.394001358194,2202.816750232451,7.92
680,310.0,Stable,13723.7309762947,6655.80609149984,2181.2829100622953,7.92
681,825.0,Stable,10218.855221461909,4913.896467710558,2121.2973966074283,7.92
682,744.0,Stable,11294.86859301423,5425.684052180267,2084.100246648267,7.92
683,275.0,Stable,62364.24650168308,15494.998968505271,5890.014460925022,8.0
684,849.0,Stable,48467.26624629879,24036.463669081564,4843.323057586821,7.92
685,1013.0,Stable,40359.26507804616,19981.431820331716,4364.018992218125,7.92
686,851.0,Stable,22615.659662231355,22203.3074113907,3033.510636135087,7.92
687,868.0,Stable,6244.048831172691,5745.965141020046,1840.0,7.83
688,739.0,Stable,11339.996608067851,5471.4074226509765,1988.4575590469158,7.92
689,902.0,Stable,40072.98575076327,19838.1093896688,4217.999400361481,7.83
690,1008.0,Stable,12584.027538803475,6076.455176658208,2113.521217286972,7.92
691,810.0,Stable,43942.24336757518,21773.35489048085,4668.6645332896705,7.83
692,852.0,Stable,44527.42007716233,22062.44901046516,4593.542983082906,7.92
693,756.0,Stable,12644.211725115383,6120.646537002721,2034.2653909091791,7.83
694,882.0,Stable,11956.691088083762,5777.115166100867,2009.0493662351362,7.83
695,895.0,Stable,40256.72454204328,19926.99108194432,4196.8423950435845,7.83
696,711.0,Stable,36263.9369437465,17931.56218200844,4105.155130632286,7.83
697,1012.0,Stable,4208.342175445877,3733.3470268910255,1840.0,7.83
698,910.0,Stable,42789.680434754526,42556.99587108486,4082.717090725868,7.83
699,1067.0,Stable,29734.048437041794,7374.963593610309,2705.977036730849,7.83
700,720.0,Stable,9426.080062301096,8929.505871079353,1957.9627128650493,7.85
701,912.0,Stable,10591.55341499618,5093.903271110907,2017.0936489461378,7.92
702,1059.0,Stable,54805.02695695872,27283.763593164324,4793.312022155605,7.92
703,817.0,Stable,9129.187461062573,4354.684807627263,1942.224474366828,7.83
704,752.0,Stable,4459.15832929366,3926.102862527908,1840.0,7.92
705,930.0,Stable,5647.711041436266,5167.97906653603,1859.1666666666677,7.92
706,896.0,Stable,10807.408471033415,5193.96747701884,1933.6427269671938,7.83
707,111.0,Stable,30222.284342385065,14993.591795505672,2836.981676439101,7.92
708,889.0,Stable,10297.308810090231,4938.745482141092,1915.7053988468942,7.83
709,42.0,Stable,23464.620003413376,11538.815554939343,2818.603253291667,7.92
710,1313.0,Stable,48351.71587303262,11991.40635762995,4723.161870647777,7.83
711,782.0,Stable,44139.41376062138,43824.95042880187,3982.855460699595,7.92
712,244.0,Stable,29131.593364245757,7206.010493505989,2814.1908804317973,7.92
713,1263.0,Stable,53476.19183025435,26584.86424921742,4715.194605758407,7.92
714,987.0,Stable,31118.235364625216,30644.717969166944,3902.25419065484,7.83
715,831.0,Stable,39584.61138412589,19563.0612339044,4291.491812370705,7.92
716,1134.0,Stable,50747.17170000952,25138.672120722844,4710.449162562305,7.83
717,1137.0,Stable,28685.69683859746,14190.158135449028,2781.2084110153237,7.83
718,843.0,Stable,30237.45785172004,29904.08229925725,3071.934058400556,7.83
719,892.0,Stable,5505.889947306846,5061.143449094147,1840.0,7.83
720,698.0,Stable,5473.00695344178,4971.552559105739,1962.2976679530002,7.92
721,150.0,Stable,51764.806720009336,25716.03874675561,4653.662732024563,7.83
722,894.0,Stable,9001.207528365438,4288.8670056848505,1905.6300638034375,7.83
723,1322.0,Stable,28562.641687791067,14114.516342920118,2766.122256769976,7.92
724,1288.0,Stable,14388.883976563007,3500.7194002265064,2127.3379777896876,7.83
725,736.0,Stable,8964.671417673371,4272.71733047301,1914.0804760149701,7.92
726,869.0,Stable,9990.845832795305,4783.826969036088,1891.0792042934875,7.92
727,922.0,Stable,29344.809897226554,28922.515154677327,3590.2181356259302,7.83
728,113.0,Stable,12995.910860354696,6269.759412745476,1910.4618897961584,7.92
729,799.0,Stable,9020.278248587862,4300.991753019319,1847.5305384086787,7.83
730,712.0,Stable,5247.594649335742,4734.511892955346,1840.0,7.92
731,903.0,Stable,35610.79929315385,17595.490723672898,4056.5459804239413,7.83
732,1092.0,Stable,58267.26230354457,14468.278991075782,5696.58381944368,7.92
733,223.0,Stable,13797.848350700406,3350.259308125357,2059.4118834374813,7.92
734,1011.0,Stable,33793.00367588613,16684.905890581496,3732.0223688094434,7.83
735,341.0,Stable,15933.788730239166,7768.413007447969,2027.7924032987498,7.92
736,1253.0,Stable,22374.842417740118,5463.861612509428,2781.9503033397305,7.92
737,725.0,Stable,24416.21513630648,23922.80907010508,3319.030999253097,7.83
738,806.0,Stable,12809.812637473877,12387.772684831243,2364.7223324605766,7.83
739,879.0,Stable,9705.964508106126,9283.29641157809,1840.0,7.92
740,989.0,Stable,7081.006650824775,3314.419134713993,1766.4093622427833,7.92
741,61.0,Stable,25786.519047083817,12647.7955699034,2771.434742052846,7.92
742,1153.0,Stable,23171.922961005224,5692.309408447012,2738.754710307378,7.92
743,1020.0,Stable,47281.55253780131,23440.188354757516,4653.547743448099,7.83
744,999.0,Stable,8992.45716611596,4283.72211948106,1844.348574677439,7.83
745,582.0,Stable,22160.12845174724,10868.189534094516,2755.2884028748867,7.92
746,1000.0,Stable,9308.697900753985,4426.513807286073,1840.0,7.83
747,1269.0,Stable,19572.67664443249,9582.578482653276,2725.7656409722645,7.83
748,936.0,Stable,38081.59018271826,37792.06060049697,3662.882268414546,7.83
749,1038.0,Stable,28535.49669546688,14124.983556622788,2720.049703792136,7.92
750,1242.0,Stable,51608.03556515023,12830.626495732233,4428.43758916155,7.83
751,858.0,Stable,30543.99924704362,29847.31391216597,3862.649017217766,7.83
752,963.0,Stable,44569.13406357154,44276.53527205734,4117.093839331538,7.83
753,901.0,Stable,33821.57829654566,16683.474376394483,3723.693233694308,7.83
754,1152.0,Stable,51403.78553705705,25558.15105047972,4546.601153414804,7.92
755,992.0,Stable,7139.305983932255,3336.155417688702,1840.0,7.83
756,,Unknown,,,0.0,-1.0
757,,Unknown,,,0.0,-1.0
758,1123.0,Stable,16749.635015416887,7960.8937557532,2463.3173853379567,7.85
759,1237.0,Stable,10319.20071948416,9471.932814696827,2434.71588858145,7.83
760,,Unknown,,,0.0,-1.0
761,,Unknown,,,0.0,-1.0
762,,Unknown,,,0.0,-1.0
763,1224.0,Stable,49720.249170601724,24425.576518348476,5503.875043898835,7.92
764,1087.0,Stable,15429.04182900352,3656.6845648099343,2653.679119470817,7.83
765,1193.0,Stable,35938.89483179077,34502.92087260068,5253.904406693134,7.83
766,1115.0,Stable,11868.206786823486,5482.323892096398,2606.3196128795494,7.83
767,653.0,Stable,15050.977839073794,3560.832737351112,2665.3594095961566,7.92
768,,Unknown,,,0.0,-1.0
769,44.0,Stable,54593.18855825305,13446.403815883,5705.17108341166,7.92
770,1324.0,Stable,31502.819261002507,15312.51828809299,4381.998821227398,7.83
771,,Unknown,,,0.0,-1.0
772,1258.0,Stable,18605.44957876964,17684.96085090909,3297.9199832987115,7.84
773,,Unknown,,,0.0,-1.0
774,,Unknown,,,0.0,-1.0
775,1201.0,Stable,11959.353968655778,5532.041884500026,2565.3842825394554,7.92
776,651.0,Stable,34736.89841139376,8463.745338381463,4491.970005992271,7.92
777,597.0,Stable,12265.890096989056,2845.6928923900737,2623.7635827743247,7.92
778,1266.0,Stable,9866.179053319654,4510.716648208487,2354.026016963674,7.92
779,407.0,Stable,15376.910246026251,3619.550769605577,2620.660306303784,7.83
780,,Unknown,,,0.0,-1.0
781,569.0,Stable,11486.89276380484,5338.845817985243,2384.9152320695093,7.83
782,332.0,Stable,24530.76992101144,23613.321704253463,3540.536494146727,7.92
783,1073.0,Stable,12611.333118175073,5880.241948604611,2562.2005416233046,7.92
784,1316.0,Stable,11610.258822270202,5353.411230498912,2533.948638714635,7.83
785,,Unknown,,,0.0,-1.0
786,281.0,Stable,19479.07811794549,9334.565745642392,2610.758187141115,7.83
787,475.0,Stable,13066.371260629963,3063.9374274627385,2595.6714080023053,7.83
788,1104.0,Stable,12265.036601830048,5701.524959204266,2553.812355512507,7.92
789,,Unknown,,,0.0,-1.0
790,,Unknown,,,0.0,-1.0
791,,Unknown,,,0.0,-1.0
792,,Unknown,,,0.0,-1.0
793,,Unknown,,,0.0,-1.0
794,,Unknown,,,0.0,-1.0
795,1200.0,Stable,9955.690387488552,4529.028294166577,2526.66789512189,7.83
796,1215.0,Stable,11914.297253200011,5503.5597254449,2550.077710181946,8.0
797,1210.0,Stable,8092.643126741753,7192.165151512166,2422.6389740191917,7.92
798,891.0,Stable,21857.67547420194,20983.876756485373,3395.16213677783,7.83
799,,Unknown,,,0.0,-1.0
800,35.0,Stable,54534.012184995954,13430.57506495434,5636.627288905718,7.92
801,1289.0,Stable,49609.30835831977,24349.78664983064,5437.4403302745695,7.92
802,,Unknown,,,0.0,-1.0
803,449.0,Stable,13656.621078315324,3190.675406006036,2592.7198210470806,7.83
804,1120.0,Stable,10542.401397829406,4837.406682567251,2502.5565747718806,7.83
805,498.0,Stable,11519.909131221008,2655.399548475149,2577.486411642126,7.84
806,,Unknown,,,0.0,-1.0
807,533.0,Stable,16414.313875706877,7798.111784233122,2570.370087313817,7.83
808,,Unknown,,,0.0,-1.0
809,1182.0,Stable,12017.905167184206,5573.842938884792,2500.5393545774973,7.83
810,94.0,Stable,16895.425994317688,4019.195807042212,2568.3340068835923,7.83
811,1259.0,Stable,49473.344128679615,24286.72966737841,5489.122336290918,7.92
812,1273.0,Stable,10056.373279473328,4575.454059275041,2500.310295234653,7.83
813,1291.0,Stable,7593.574302005215,3346.2003177993643,2340.3601963443,7.83
814,1042.0,Stable,34141.27412144906,16625.380022647427,4401.161994075667,7.92
815,1295.0,Stable,8561.677878194367,3831.554743727956,2452.0778104856645,7.92
816,,Unknown,,,0.0,-1.0
817,,Unknown,,,0.0,-1.0
818,,Unknown,,,0.0,-1.0
819,85.0,Stable,48250.12074712715,11836.362984672463,5395.892222167642,7.92
820,120.0,Stable,42512.27408401234,20843.412991754885,4491.237291449325,7.92
821,554.0,Stable,16567.917203941393,7871.177795973119,2563.2098321292474,7.83
822,430.0,Stable,11282.639768018103,2613.9512217448632,2432.8037581692415,7.92
823,234.0,Stable,50603.30048904688,12443.269868120991,5332.694186700765,7.92
824,,Unknown,,,0.0,-1.0
825,,Unknown,,,0.0,-1.0
826,1173.0,Stable,45721.17691531596,22392.80025316834,5175.370957920911,7.83
827,,Unknown,,,0.0,-1.0
828,,Unknown,,,0.0,-1.0
829,215.0,Stable,16642.00327543329,3953.706742141852,2564.5960911894476,7.92
830,210.0,Stable,38784.86619904179,9488.550051072403,4415.902930374341,7.92
831,,Unknown,,,0.0,-1.0
832,,Unknown,,,0.0,-1.0
833,236.0,Stable,16340.323388352295,3880.34722565146,2547.7459584601224,7.92
834,,Unknown,,,0.0,-1.0
835,1234.0,Stable,26618.19333460483,25685.446061525687,4009.5102635478215,7.92
836,290.0,Stable,11677.46014041311,5430.372636632455,2514.9804609482217,7.83
837,446.0,Stable,13011.211266260978,6093.283093316267,2509.451216087639,7.83
838,610.0,Stable,36318.45443285704,8875.616669388353,4387.479421964226,7.92
839,,Unknown,,,0.0,-1.0
840,1246.0,Stable,32288.327361236057,15710.835991444048,4146.282058417388,7.83
841,1187.0,Stable,41608.933125131705,20383.300640183457,5066.5489562302255,7.83
842,,Unknown,,,0.0,-1.0
843,1297.0,Stable,21543.13426808667,20699.493072392725,3253.121068327613,7.92
844,1164.0,Stable,33568.30185856685,16361.971373232604,4335.280273081953,7.92
845,136.0,Stable,16607.890547501524,3946.886300535661,2491.23045163116,7.83
846,,Unknown,,,0.0,-1.0
847,,Unknown,,,0.0,-1.0
848,1189.0,Stable,43645.43500309292,21399.54999134359,5115.127512988613,7.92
849,920.0,Stable,22648.634579272828,21809.22661779918,3468.2810406531557,8.0
850,1051.0,Stable,31163.70021270021,15158.245106975734,4159.12375485199,7.92
851,1287.0,Stable,25974.83840886361,24690.662518963298,3932.34605382833,7.83
852,677.0,Stable,11702.629309033597,5393.620685314476,2367.7047476874327,7.83
853,,Unknown,,,0.0,-1.0
854,599.0,Stable,35466.76065101459,17313.60685771275,4366.032954356265,7.92
855,,Unknown,,,0.0,-1.0
856,,Unknown,,,0.0,-1.0
857,1065.0,Stable,17453.697274894264,16575.19969779178,3282.61107386469,7.91
858,,Unknown,,,0.0,-1.0
859,,Unknown,,,0.0,-1.0
860,,Unknown,,,0.0,-1.0
861,1103.0,Stable,34505.7517401263,16832.02562015423,4134.90793052953,7.83
862,,Unknown,,,0.0,-1.0
863,1236.0,Stable,22567.77676580073,21285.19444168716,3994.2700616204766,7.83
864,,Unknown,,,0.0,-1.0
865,197.0,Stable,12562.233437487334,5870.138408606713,2472.741435730997,7.83
866,1238.0,Stable,17618.47166459014,16488.40582584373,3619.20078949039,7.83
867,,Unknown,,,0.0,-1.0
868,154.0,Stable,31666.098544355864,15413.62637494038,4046.6545945327116,8.0
869,1260.0,Stable,45911.46927419717,22532.78257844971,5105.828041900606,7.92
870,1251.0,Stable,19013.263231253437,18112.13030548789,3379.2360474649818,7.83
871,174.0,Stable,49200.410155307065,24188.28955300776,5106.033233754812,7.92
872,,Unknown,,,0.0,-1.0
873,555.0,Stable,35332.01431667867,8627.51049778856,4291.094866437053,7.83
874,1110.0,Stable,21273.49998820604,19985.103439835384,3844.166995058092,7.83
875,,Unknown,,,0.0,-1.0
876,,Unknown,,,0.0,-1.0
877,1108.0,Stable,31732.04635686558,15438.101228293945,4132.434887291278,7.83
878,1175.0,Stable,30946.29915703028,15045.982377841745,4024.963940729122,7.83
879,1149.0,Stable,31161.124623530664,15149.733559696178,4046.150213038188,8.0
880,1.0,Stable,33460.415781615644,8158.280280843402,4088.044537926301,7.85
881,1117.0,Stable,22752.724084696656,21854.73719290386,3670.4001824713564,7.83
882,1192.0,Stable,46092.65861794678,11316.445088035838,5032.96108148786,7.92
883,,Unknown,,,0.0,-1.0
884,,Unknown,,,0.0,-1.0
885,,Unknown,,,0.0,-1.0
886,,Unknown,,,0.0,-1.0
887,,Unknown,,,0.0,-1.0
888,1136.0,Stable,42442.956045107625,20777.07025469836,5032.900540349476,8.0
889,68.0,Stable,38242.700658029215,18706.938829523027,4169.287317383615,8.0
890,1208.0,Stable,28396.93558181092,27079.512581793,4500.367057786143,7.84
891,1188.0,Stable,40451.63905960364,19788.214933252544,4772.881372814187,7.92
892,,Unknown,,,0.0,-1.0
893,1131.0,Stable,32836.086851372645,15978.076034475407,4277.444420813665,7.92
894,1074.0,Stable,25908.007517424736,12521.05747549889,3743.7327488348183,7.92
895,1029.0,Stable,25554.556779179973,12341.153134558856,3657.9018862416956,7.83
896,,Unknown,,,0.0,-1.0
897,,Unknown,,,0.0,-1.0
898,1076.0,Stable,31909.78474117685,15518.13926253771,4112.034721872296,7.92
899,1315.0,Stable,30799.074266961088,14960.154060691328,4007.6836337878353,7.92
900,,Unknown,,,0.0,-1.0
901,,Unknown,,,0.0,-1.0
902,,Unknown,,,0.0,-1.0
903,200.0,Stable,33837.67387680471,8252.984808315541,4081.773111671866,7.83
904,333.0,Stable,33543.23147739379,8179.050373862548,4077.778033908267,7.83
905,1257.0,Stable,24729.53433516024,11927.552198408335,3588.7822794645463,7.83
906,1232.0,Stable,9588.633544101493,8749.307571395519,2549.85858216359,7.92
907,,Unknown,,,0.0,-1.0
908,1080.0,Stable,25689.873756540048,12407.721909098236,3577.0590919811534,7.83
909,,Unknown,,,0.0,-1.0
910,1118.0,Stable,22697.325051665528,10897.97136280617,3506.521485117541,7.92
911,,Unknown,,,0.0,-1.0
912,1310.0,Stable,20282.141087071075,19139.259567669164,3795.749617122212,7.92
913,127.0,Stable,35032.72348092527,17082.50755002074,4067.9338288359936,7.83
914,233.0,Stable,43717.0372409372,21438.937046090618,4911.873894897646,7.92
915,1156.0,Stable,12313.170866540597,11372.859920103603,2901.6392736061453,7.83
916,558.0,Stable,22735.421725620483,21901.8933535588,3498.60061973921,7.83
917,1105.0,Stable,22611.122030820803,10868.47748995284,3498.387547512354,7.92
918,324.0,Stable,35334.609482016465,8626.449778823702,4305.888690361019,7.92
919,,Unknown,,,0.0,-1.0
920,,Unknown,,,0.0,-1.0
921,1063.0,Stable,19837.41968699344,18954.79990720321,3339.5770293721894,7.92
922,540.0,Stable,34175.19351751303,8336.142409236527,4045.9493887801714,8.0
923,,Unknown,,,0.0,-1.0
924,,Unknown,,,0.0,-1.0
925,,Unknown,,,0.0,-1.0
926,629.0,Stable,23727.928640752165,11718.124912100377,2370.7950619501958,7.83
927,634.0,Stable,44491.19013177928,22100.03394729998,3997.6245945062956,7.83
928,1148.0,Stable,29759.237932223084,14628.183989636556,3155.0359085395667,7.83
929,1098.0,Stable,5471.693149972527,4875.194212094143,1859.166666666666,7.92
930,303.0,Stable,23216.46824873651,11462.28655245874,2348.049359485961,7.92
931,1298.0,Stable,6516.900113628837,5870.223797818975,2010.0363620794399,7.91
932,1169.0,Stable,12251.213794573136,5919.365301178285,2130.454074005088,7.92
933,432.0,Stable,16807.409587038113,4098.375406183265,2335.8177705015482,7.83
934,67.0,Stable,40707.45579860621,20142.76630128209,4335.030533515365,7.92
935,1304.0,Stable,10126.257779939317,4840.060828353997,2103.0638693998026,7.83
936,545.0,Stable,36892.2163595124,18238.1764299414,3930.086495784093,7.83
937,550.0,Stable,36895.829400578594,9119.99147523725,3929.7357287094214,7.83
938,1305.0,Stable,6033.973877713585,5559.791814476801,1760.0,7.83
939,1121.0,Stable,3428.6726416438105,2831.8297080463567,1760.0,7.92
940,1158.0,Stable,23459.27760896292,22985.876885209884,2916.23404672094,7.83
941,1144.0,Stable,23356.004257482196,22761.244447159963,3248.6487540133317,7.92
942,1150.0,Stable,8289.619692956901,7683.025477325154,2081.182745496059,7.92
943,1176.0,Stable,29171.78229040803,14369.328561581278,3404.064988420518,7.92
944,130.0,Stable,22100.86047399862,21461.75191392001,3044.5462339368664,7.92
945,1032.0,Stable,18638.92616847472,18022.163855668012,2970.6907646024993,7.83
946,510.0,Stable,19696.808339981115,9614.949058648584,2332.8137844394923,7.92
947,404.0,Stable,15975.083138639098,7775.7852501848765,2332.4950693512124,7.83
948,302.0,Stable,17522.226523495054,16860.98473663864,2799.6641996048465,7.83
949,1284.0,Stable,12495.497055089214,6029.91420975091,2119.232600604655,8.0
950,114.0,Stable,39932.68837084408,9877.708458581188,3908.630372719127,7.83
951,1180.0,Stable,8327.611265223706,7635.981337343314,2276.818277382874,7.83
952,536.0,Stable,16635.869288321777,8099.277405796996,2329.943685453916,7.83
953,123.0,Stable,12063.983956865532,11393.102824144918,2414.1168941357446,8.0
954,1285.0,Stable,26320.23980983395,12944.816491646869,3305.581886574191,7.92
955,257.0,Stable,43455.20649581704,10757.435892235524,4255.200329982034,7.92
956,147.0,Stable,41824.26713503224,10350.184238061333,4077.0390392864865,7.83
957,1114.0,Stable,12031.06967645572,5781.534440078572,2092.6424818248247,7.92
958,34.0,Stable,39041.46789159784,9653.87482099202,3927.453523282855,7.92
959,1044.0,Stable,11170.144330871775,5352.398513607953,1993.128293357605,7.92
960,898.0,Stable,6459.995943186263,2980.849582502021,1843.0784948268479,7.84
961,259.0,Stable,44637.43944806412,44360.111272532034,4002.364536613321,7.92
962,1116.0,Stable,7421.674331052486,6971.271176730816,1840.0,7.92
963,486.0,Stable,23202.13161863008,11467.185584030914,2327.7155342531464,7.83
964,1213.0,Stable,10559.465241252765,5061.834000438146,1941.6130070303373,7.83
965,463.0,Stable,22991.010357554733,11361.680985378354,2304.8045250337723,7.83
966,917.0,Stable,17367.649314525177,8549.944431978465,1840.0,7.83
967,1326.0,Stable,3957.747341050411,3389.420218540441,1840.0,7.83
968,1214.0,Stable,5268.276212218807,4787.855488380751,1859.166666666666,7.92
969,49.0,Stable,36943.8631076729,9129.445117882247,3848.329658424295,7.92
970,418.0,Stable,15102.995715473531,3644.7677721467926,2278.0678361906266,7.92
971,681.0,Stable,15025.807641769776,3648.790176051803,2079.927121866679,7.83
972,1078.0,Stable,11082.068554904406,5322.139523950967,2025.5491621238264,7.84
973,490.0,Stable,35057.53037412341,8655.971182211257,3829.599425284833,7.92
974,1320.0,Stable,24689.979120239324,12105.886183849612,3045.694367575013,7.92
975,182.0,Stable,15549.343753071184,7558.017538405464,2272.6141457419244,7.83
976,507.0,Stable,37690.00069542185,18627.616190742086,3789.638498215503,7.83
977,1096.0,Stable,25830.149274068062,12695.668520580835,3033.3813487527145,7.83
978,1075.0,Stable,11907.318757275389,5731.917540528217,2008.2289807025925,7.83
979,1099.0,Stable,13471.513636382757,6512.014980081899,2003.6132799540737,7.83
980,1280.0,Stable,10394.92372587975,4970.7886157045705,2020.7990457091998,7.92
981,1135.0,Stable,10952.246320847828,5246.142581393111,1917.0313605541448,7.83
982,678.0,Stable,34111.992103922974,8418.746201586948,3725.54240630923,7.83
983,41.0,Stable,42256.52362094065,10454.776672593318,4117.893209037587,7.92
984,638.0,Stable,4792.029162676647,4261.75523692523,1840.0,7.83
985,107.0,Stable,16101.837584353414,7807.646224933198,2280.7852971673683,7.92
986,264.0,Stable,31739.506719774,7807.741392109501,3607.1162960275437,7.86
987,121.0,Stable,36388.149887429645,17971.634718910303,3641.609029450029,7.92
988,235.0,Stable,16713.190749555408,4067.230453733589,2277.3190912584805,7.92
989,1054.0,Stable,7311.126657021071,3410.93135170248,1872.299605732793,7.84
990,1172.0,Stable,3950.391559159812,3358.4015384849126,1840.0,7.83
991,809.0,Stable,4650.411130800584,4192.529746722605,1760.0,7.83
992,450.0,Stable,32485.016468943195,16020.55056537589,3591.228092653988,7.83
993,188.0,Stable,7576.086505196726,6968.679756199309,2185.2679642435364,7.83
994,1160.0,Stable,4974.733528471637,4399.812478321725,1859.1666666666679,7.92
995,1048.0,Stable,8554.594979794905,4042.8234751548016,1859.1666666666679,7.92
996,1222.0,Stable,8053.875019318576,3793.8376789646895,1840.0,7.83
997,306.0,Stable,39208.03117950951,9687.51714735612,4061.031264381309,7.92
998,1124.0,Stable,23648.03894723269,11587.509781024855,2969.0677700837086,7.83
999,672.0,Stable,31323.46964089055,15432.862803034111,3551.831915094423,7.91
1000,32.0,Stable,10840.189848084045,10319.876700232906,2323.089216605909,7.84
1001,157.0,Stable,39926.49002616776,19733.635580071845,3742.2379949553124,7.83
1002,580.0,Stable,16357.475108530452,3974.127537340528,2255.655128151001,7.92
1003,1083.0,Stable,8810.104032696176,4168.542323756599,1840.0,7.83
1004,87.0,Stable,16805.183736377527,8167.446701727154,2249.880869424616,7.92
1005,1227.0,Stable,20444.873708872165,9985.671761011276,2788.6469585433897,7.83
1006,1047.0,Stable,8268.835431751268,3897.111240390774,1840.0,7.83
1007,1226.0,Stable,3333.7066005255574,2821.379373385544,1840.0,7.83
1008,55.0,Stable,37391.089846305,18460.57863049893,3778.148880963799,7.92
1009,627.0,Stable,5396.488268659757,4928.377653872552,1859.166666666666,7.92
1010,143.0,Stable,12485.87411854088,2988.2502895718453,2220.4476523528415,7.83
